season,season_name,round_name,round_number,last_updated,conference,position,played,pointsFor,pointsAgainst,minScore,maxScore,avgWinMargin,avgLossMargin,playersUsed,playedThisRound,form,positionChange,team.id,team.providerId,team.name,team.abbreviation,team.nickname,team.teamType,team.club.id,team.club.providerId,team.club.name,team.club.abbreviation,team.club.nickname,quartersWon.winQ1,quartersWon.winQ2,quartersWon.winQ3,quartersWon.winQ4,quartersWon.total,thisSeasonRecord.ladderPosition,thisSeasonRecord.aggregatePoints,thisSeasonRecord.percentage,thisSeasonRecord.orderedBy,thisSeasonRecord.winRatio,thisSeasonRecord.winLossRecord.wins,thisSeasonRecord.winLossRecord.losses,thisSeasonRecord.winLossRecord.draws,thisSeasonRecord.winLossRecord.played,thisRoundLastSeason.ladderPosition,thisRoundLastSeason.aggregatePoints,thisRoundLastSeason.percentage,thisRoundLastSeason.orderedBy,thisRoundLastSeason.winRatio,thisRoundLastSeason.winLossRecord.wins,thisRoundLastSeason.winLossRecord.losses,thisRoundLastSeason.winLossRecord.draws,thisRoundLastSeason.winLossRecord.played,homeRecord.wins,homeRecord.losses,homeRecord.draws,homeRecord.played,interstateRecord.wins,interstateRecord.losses,interstateRecord.draws,interstateRecord.played,lastFiveGamesRecord.wins,lastFiveGamesRecord.losses,lastFiveGamesRecord.draws,lastFiveGamesRecord.played,dayRecord.wins,dayRecord.losses,dayRecord.draws,dayRecord.played,nightRecord.wins,nightRecord.losses,nightRecord.draws,nightRecord.played,localRecord.wins,localRecord.losses,localRecord.draws,localRecord.played,lastOpponent.id,lastOpponent.providerId,lastOpponent.name,lastOpponent.abbreviation,lastOpponent.nickname,lastOpponent.teamType,lastOpponent.club.id,lastOpponent.club.providerId,lastOpponent.club.name,lastOpponent.club.abbreviation,lastOpponent.club.nickname
2023,2023 Toyota AFL Premiership,Round 24,24,2023-08-27T11:16:29.000+0000,1,1,23,2142,1687,59,135,31.4,22,37,TRUE,WWWLWWWWWWWWLWWWWWLLWLW,NONE,3,CD_T40,Collingwood,COLL,Magpies,MEN,12,CD_O6,Collingwood,Magpies,Magpies,14,16,11,13,54,1,72,127,points,0,18,5,0,23,6,0,92.3,points,0,0,1,0,1,10,2,0,12,5,1,0,6,2,3,0,5,8,1,0,9,10,4,0,14,13,4,0,17,12,CD_T50,Essendon,ESS,Bombers,MEN,10,CD_O9,Essendon,Bombers,Bombers
2023,2023 Toyota AFL Premiership,Round 24,24,2023-08-27T11:16:29.000+0000,1,2,23,2180,1771,53,152,33,25.3,35,TRUE,LWLWWWWWWWLLWWWWLWLWWWW,NONE,2,CD_T20,Brisbane Lions,BL,Lions,MEN,13,CD_O3,Brisbane Lions,Lions,Lions,16,14,15,11,56,2,68,123.1,points,0,17,6,0,23,4,0,101.9,points,0,1,0,0,1,12,0,0,12,6,5,0,11,4,1,0,5,4,1,0,5,13,5,0,18,11,1,0,12,11,CD_T130,St Kilda,STK,Saints,MEN,21,CD_O27,St Kilda,Saints,Saints
2023,2023 Toyota AFL Premiership,Round 24,24,2023-08-27T11:16:29.000+0000,1,3,23,2149,1906,64,151,26.8,35.5,37,TRUE,WLLWWWWWWWWWWWWWLLLLWWW,NONE,7,CD_T110,Port Adelaide,PORT,Power,MEN,19,CD_O24,Port Adelaide,Power,Power,12,13,15,12,52,3,68,112.7,points,0,17,6,0,23,NA,NA,NA,NA,NA,NA,NA,NA,NA,10,2,0,12,7,3,0,10,3,2,0,5,7,1,0,8,10,5,0,15,10,3,0,13,16,CD_T120,Richmond,RICH,Tigers,MEN,22,CD_O25,Richmond,Tigers,Tigers
2023,2023 Toyota AFL Premiership,Round 24,24,2023-08-27T11:16:29.000+0000,1,4,23,2079,1660,45,139,30.6,10,34,TRUE,WLWWLWWWWLLWWLLWWWWWLWW,NONE,17,CD_T90,Melbourne,MELB,Demons,MEN,14,CD_O18,Melbourne,Demons,Demons,13,16,14,17,60,4,64,125.2,points,0,16,7,0,23,8,0,75.8,points,0,0,1,0,1,9,2,0,11,4,4,0,8,4,1,0,5,8,2,0,10,8,5,0,13,12,3,0,15,13,CD_T160,Sydney Swans,SYD,Swans,MEN,24,CD_O28,Sydney Swans,Swans,Swans
2023,2023 Toyota AFL Premiership,Round 24,24,2023-08-27T11:16:29.000+0000,1,5,23,1922,1697,44,152,37.4,29,37,TRUE,DWWWLLWLLLLLLWWWWWWWWWL,NONE,5,CD_T30,Carlton,CARL,Blues,MEN,1,CD_O5,Carlton,Blues,Blues,10,15,11,11,47,5,54,113.3,points,0,13,9,1,23,NA,NA,NA,NA,NA,NA,NA,NA,NA,5,6,0,11,4,2,0,6,4,1,0,5,6,2,0,8,7,7,1,15,9,7,1,17,15,CD_T1010,GWS Giants,GWS,Giants,MEN,5,CD_O16,GWS Giants,Giants,Giants
2023,2023 Toyota AFL Premiership,Round 24,24,2023-08-27T11:16:29.000+0000,1,6,23,1775,1647,51,122,25.3,20.1,32,TRUE,WWWWLWLWLWLWLLWLLWWLWWL,NONE,11,CD_T130,St Kilda,STK,Saints,MEN,21,CD_O27,St Kilda,Saints,Saints,12,7,14,13,46,6,52,107.8,points,0,13,10,0,23,NA,NA,NA,NA,NA,NA,NA,NA,NA,6,5,0,11,3,4,0,7,3,2,0,5,4,4,0,8,9,6,0,15,10,6,0,16,2,CD_T20,Brisbane Lions,BL,Lions,MEN,13,CD_O3,Brisbane Lions,Lions,Lions
2023,2023 Toyota AFL Premiership,Round 24,24,2023-08-27T11:16:29.000+0000,1,7,23,2018,1885,47,162,27.4,22.3,36,TRUE,WLLLWLWLLLWLWWWWWWWLLWW,UP,15,CD_T1010,GWS Giants,GWS,Giants,MEN,5,CD_O16,GWS Giants,Giants,Giants,9,10,12,16,47,7,52,107.1,points,0,13,10,0,23,NA,NA,NA,NA,NA,NA,NA,NA,NA,6,6,0,12,8,6,0,14,3,2,0,5,7,3,0,10,6,7,0,13,5,4,0,9,5,CD_T30,Carlton,CARL,Blues,MEN,1,CD_O5,Carlton,Blues,Blues
2023,2023 Toyota AFL Premiership,Round 24,24,2023-08-27T11:16:29.000+0000,1,8,23,2050,1863,37,205,36.9,25.6,36,TRUE,WWLLWLLLLWWLLWDLWWWWWWL,DOWN,13,CD_T160,Sydney Swans,SYD,Swans,MEN,24,CD_O28,Sydney Swans,Swans,Swans,13,17,9,8,47,8,50,110,points,0,12,10,1,23,1,0,131.9,points,0,1,0,0,1,5,5,1,11,6,5,0,11,4,1,0,5,3,5,0,8,9,5,1,15,6,5,1,12,17,CD_T90,Melbourne,MELB,Demons,MEN,14,CD_O18,Melbourne,Demons,Demons
2023,2023 Toyota AFL Premiership,Round 24,24,2023-08-27T11:16:29.000+0000,1,9,23,1919,1766,41,126,29,17.7,37,TRUE,LLWWLWWWWWLLLWWLLWLWLLW,NONE,8,CD_T140,Western Bulldogs,WB,Bulldogs,MEN,25,CD_O31,Western Bulldogs,Bulldogs,Bulldogs,14,12,14,13,53,9,48,108.7,points,0,12,11,0,23,7,0,82.2,points,0,0,1,0,1,5,6,0,11,2,4,0,6,2,3,0,5,2,3,0,5,10,8,0,18,10,7,0,17,10,CD_T70,Geelong Cats,GEEL,Cats,MEN,15,CD_O11,Geelong Cats,Cats,Cats
2023,2023 Toyota AFL Premiership,Round 24,24,2023-08-27T11:16:29.000+0000,1,10,23,2193,1877,40,174,46,15.8,37,TRUE,LLWWWWLLWLWLWLWLLLWWLLW,UP,1,CD_T10,Adelaide Crows,ADEL,Crows,MEN,3,CD_O1,Adelaide Crows,Crows,Crows,13,11,10,15,49,10,44,116.8,points,0,11,12,0,23,NA,NA,NA,NA,NA,NA,NA,NA,NA,8,4,0,12,2,8,0,10,3,2,0,5,5,6,0,11,6,6,0,12,9,4,0,13,18,CD_T150,West Coast Eagles,WCE,Eagles,MEN,23,CD_O30,West Coast Eagles,Eagles,Eagles
2023,2023 Toyota AFL Premiership,Round 24,24,2023-08-27T11:16:29.000+0000,1,11,23,1838,2050,31,124,22.4,38.2,34,TRUE,WWLWWLLLLWWWWLLWLLLWWLL,DOWN,12,CD_T50,Essendon,ESS,Bombers,MEN,10,CD_O9,Essendon,Bombers,Bombers,11,9,11,11,42,11,44,89.7,points,0,11,12,0,23,NA,NA,NA,NA,NA,NA,NA,NA,NA,7,5,0,12,2,4,0,6,2,3,0,5,6,3,0,9,5,9,0,14,9,8,0,17,3,CD_T40,Collingwood,COLL,Magpies,MEN,12,CD_O6,Collingwood,Magpies,Magpies
2023,2023 Toyota AFL Premiership,Round 24,24,2023-08-27T11:16:29.000+0000,1,12,23,2088,1855,53,136,46.4,19.3,38,TRUE,LLLWWWWWLLLWLWDWWLLWLLL,DOWN,10,CD_T70,Geelong Cats,GEEL,Cats,MEN,15,CD_O11,Geelong Cats,Cats,Cats,16,9,7,13,45,12,42,112.6,points,0,10,12,1,23,3,0,108.3,points,0,1,0,0,1,8,4,0,12,1,4,1,6,1,4,0,5,5,3,0,8,5,9,1,15,9,8,0,17,8,CD_T140,Western Bulldogs,WB,Bulldogs,MEN,25,CD_O31,Western Bulldogs,Bulldogs,Bulldogs
2023,2023 Toyota AFL Premiership,Round 24,24,2023-08-27T11:16:29.000+0000,1,13,23,1856,1983,48,110,22.4,29.3,36,TRUE,DWLLLLLWWLLWWWLWWWLLLWL,DOWN,16,CD_T120,Richmond,RICH,Tigers,MEN,22,CD_O25,Richmond,Tigers,Tigers,9,10,10,11,40,13,42,93.6,points,0,10,12,1,23,5,0,98.1,points,0,0,1,0,1,6,5,1,12,4,3,0,7,1,4,0,5,5,5,0,10,5,7,1,13,6,9,1,16,7,CD_T110,Port Adelaide,PORT,Power,MEN,19,CD_O24,Port Adelaide,Power,Power
2023,2023 Toyota AFL Premiership,Round 24,24,2023-08-27T11:16:29.000+0000,1,14,23,1835,1898,36,134,35,31.8,36,TRUE,LLWLWLLWWWWLLWLLLLWLWLW,NONE,14,CD_T60,Fremantle,FRE,Dockers,MEN,6,CD_O10,Fremantle,Dockers,Dockers,6,13,11,12,42,14,40,96.7,points,0,10,13,0,23,2,0,121.7,points,0,1,0,0,1,5,7,0,12,5,6,0,11,3,2,0,5,6,7,0,13,4,6,0,10,5,7,0,12,9,CD_T80,Hawthorn,HAW,Hawks,MEN,16,CD_O17,Hawthorn,Hawks,Hawks
2023,2023 Toyota AFL Premiership,Round 24,24,2023-08-27T11:16:29.000+0000,1,15,23,1839,2006,42,113,35.8,34.9,40,TRUE,LLWLLWWLWLWWLWLLWLWLLLL,NONE,4,CD_T1000,Gold Coast Suns,GCFC,Suns,MEN,9,CD_O14,Gold Coast Suns,Suns,Suns,12,12,11,7,42,15,36,91.7,points,0,9,14,0,23,NA,NA,NA,NA,NA,NA,NA,NA,NA,7,4,0,11,4,9,0,13,1,4,0,5,3,7,0,10,6,7,0,13,5,5,0,10,6,CD_T100,North Melbourne,NMFC,Kangaroos,MEN,20,CD_O20,North Melbourne,Kangaroos,Kangaroos
2023,2023 Toyota AFL Premiership,Round 24,24,2023-08-27T11:16:29.000+0000,1,16,23,1686,2101,34,142,36.1,41.8,38,TRUE,LLWLLLLLLWWLWLLLWLLWWLL,NONE,9,CD_T80,Hawthorn,HAW,Hawks,MEN,16,CD_O17,Hawthorn,Hawks,Hawks,12,9,12,8,41,16,28,80.2,points,0,7,16,0,23,NA,NA,NA,NA,NA,NA,NA,NA,NA,5,6,0,11,3,7,0,10,2,3,0,5,6,11,0,17,1,5,0,6,4,9,0,13,14,CD_T60,Fremantle,FRE,Dockers,MEN,6,CD_O10,Fremantle,Dockers,Dockers
2023,2023 Toyota AFL Premiership,Round 24,24,2023-08-27T11:16:29.000+0000,1,17,23,1657,2318,34,132,13.7,35.1,43,TRUE,WWLLLLLLLLLLLLLLLLLLLLW,UP,6,CD_T100,North Melbourne,NMFC,Kangaroos,MEN,20,CD_O20,North Melbourne,Kangaroos,Kangaroos,6,7,6,6,25,17,12,71.5,points,0,3,20,0,23,NA,NA,NA,NA,NA,NA,NA,NA,NA,2,9,0,11,2,8,0,10,1,4,0,5,2,13,0,15,1,7,0,8,1,12,0,13,4,CD_T1000,Gold Coast Suns,GCFC,Suns,MEN,9,CD_O14,Gold Coast Suns,Suns,Suns
2023,2023 Toyota AFL Premiership,Round 24,24,2023-08-27T11:16:29.000+0000,1,18,23,1418,2674,26,100,10.3,64.4,40,TRUE,LWLLLLLLLLLLLLLLLLWLLWL,DOWN,18,CD_T150,West Coast Eagles,WCE,Eagles,MEN,23,CD_O30,West Coast Eagles,Eagles,Eagles,6,3,7,5,21,18,12,53,points,0,3,20,0,23,NA,NA,NA,NA,NA,NA,NA,NA,NA,2,9,0,11,1,10,0,11,2,3,0,5,3,13,0,16,0,7,0,7,2,10,0,12,1,CD_T10,Adelaide Crows,ADEL,Crows,MEN,3,CD_O1,Adelaide Crows,Crows,Crows
