,year,round,team,score
0,2019,1,Carlton,64
1,2019,1,Collingwood,65
2,2019,1,Melbourne,61
3,2019,1,Adelaide Crows,55
4,2019,1,Western Bulldogs,82
5,2019,1,Brisbane Lions,102
6,2019,1,St Kilda,85
7,2019,1,GWS Giants,112
8,2019,1,Fremantle,141
9,2019,2,Richmond,66
10,2019,2,Sydney Swans,62
11,2019,2,Essendon,65
12,2019,2,Port Adelaide,88
13,2019,2,Geelong Cats,126
14,2019,2,West Coast Eagles,104
15,2019,2,North Melbourne,87
16,2019,2,Hawthorn,87
17,2019,2,Gold Coast Suns,61
18,2019,3,Adelaide Crows,75
19,2019,3,Melbourne,112
20,2019,3,Carlton,74
21,2019,3,GWS Giants,125
22,2019,3,Brisbane Lions,107
23,2019,3,Collingwood,76
24,2019,3,Western Bulldogs,68
25,2019,3,Hawthorn,87
26,2019,3,Fremantle,71
27,2019,4,Sydney Swans,78
28,2019,4,Collingwood,78
29,2019,4,Geelong Cats,75
30,2019,4,Essendon,112
31,2019,4,Port Adelaide,92
32,2019,4,North Melbourne,71
33,2019,4,West Coast Eagles,69
34,2019,4,Gold Coast Suns,59
35,2019,4,St Kilda,74
36,2019,5,Brisbane Lions,61
37,2019,5,North Melbourne,58
38,2019,5,West Coast Eagles,53
39,2019,5,GWS Giants,82
40,2019,5,Melbourne,55
41,2019,5,Richmond,89
42,2019,5,Western Bulldogs,57
43,2019,5,Adelaide Crows,119
44,2019,5,Hawthorn,90
45,2019,6,Richmond,85
46,2019,6,Essendon,69
47,2019,6,Port Adelaide,88
48,2019,6,Gold Coast Suns,62
49,2019,6,St Kilda,68
50,2019,6,Sydney Swans,79
51,2019,6,Fremantle,88
52,2019,6,Hawthorn,93
53,2019,6,Geelong Cats,104
54,2019,7,Collingwood,108
55,2019,7,Melbourne,79
56,2019,7,GWS Giants,114
57,2019,7,Brisbane Lions,103
58,2019,7,Western Bulldogs,99
59,2019,7,West Coast Eagles,80
60,2019,7,Carlton,62
61,2019,7,Geelong Cats,86
62,2019,7,Adelaide Crows,51
63,2019,8,Sydney Swans,77
64,2019,8,Western Bulldogs,92
65,2019,8,Carlton,87
66,2019,8,Gold Coast Suns,60
67,2019,8,St Kilda,70
68,2019,8,Port Adelaide,68
69,2019,8,North Melbourne,80
70,2019,8,Hawthorn,71
71,2019,8,Fremantle,86
72,2019,9,West Coast Eagles,85
73,2019,9,Collingwood,112
74,2019,9,Brisbane Lions,93
75,2019,9,Geelong Cats,133
76,2019,9,Essendon,60
77,2019,9,North Melbourne,72
78,2019,9,Port Adelaide,89
79,2019,9,Richmond,95
80,2019,9,GWS Giants,138
81,2019,10,Sydney Swans,73
82,2019,10,Hawthorn,80
83,2019,10,Western Bulldogs,90
84,2019,10,Adelaide Crows,73
85,2019,10,Gold Coast Suns,64
86,2019,10,Richmond,73
87,2019,10,Melbourne,68
88,2019,10,St Kilda,68
89,2019,10,Fremantle,73
90,2019,11,North Melbourne,99
91,2019,11,Collingwood,75
92,2019,11,GWS Giants,126
93,2019,11,Geelong Cats,85
94,2019,11,Brisbane Lions,85
95,2019,11,Melbourne,88
96,2019,11,St Kilda,69
97,2019,11,Essendon,74
98,2019,11,West Coast Eagles,133
99,2019,12,Richmond,37
100,2019,12,Carlton,78
101,2019,12,Gold Coast Suns,72
102,2019,12,Adelaide Crows,82
103,2019,12,Sydney Swans,116
104,2019,12,Collingwood,98
105,2019,13,Adelaide Crows,101
106,2019,13,Essendon,96
107,2019,13,Gold Coast Suns,76
108,2019,13,Fremantle,100
109,2019,13,Carlton,100
110,2019,13,North Melbourne,68
111,2019,14,West Coast Eagles,106
112,2019,14,Sydney Swans,82
113,2019,14,Melbourne,85
114,2019,14,St Kilda,59
115,2019,14,Port Adelaide,67
116,2019,14,Western Bulldogs,73
117,2019,15,Essendon,77
118,2019,15,Geelong Cats,96
119,2019,15,Hawthorn,71
120,2019,15,Sydney Swans,93
121,2019,15,Collingwood,37
122,2019,15,Port Adelaide,41
123,2019,15,St Kilda,70
124,2019,15,Brisbane Lions,107
125,2019,15,Fremantle,75
126,2019,16,Hawthorn,67
127,2019,16,Essendon,76
128,2019,16,Gold Coast Suns,58
129,2019,16,Adelaide Crows,44
130,2019,16,Western Bulldogs,71
131,2019,16,Fremantle,31
132,2019,16,Carlton,100
133,2019,16,North Melbourne,112
134,2019,16,GWS Giants,74
135,2019,17,West Coast Eagles,77
136,2019,17,Sydney Swans,62
137,2019,17,Hawthorn,84
138,2019,17,Essendon,86
139,2019,17,Gold Coast Suns,56
140,2019,17,Geelong Cats,84
141,2019,17,Richmond,94
142,2019,17,Western Bulldogs,74
143,2019,17,Port Adelaide,49
144,2019,18,Adelaide Crows,75
145,2019,18,Richmond,101
146,2019,18,Carlton,99
147,2019,18,GWS Giants,122
148,2019,18,Brisbane Lions,87
149,2019,18,Fremantle,52
150,2019,18,Geelong Cats,61
151,2019,18,Melbourne,78
152,2019,18,St Kilda,116
153,2019,19,Collingwood,66
154,2019,19,Hawthorn,60
155,2019,19,Carlton,87
156,2019,19,West Coast Eagles,121
157,2019,19,St Kilda,104
158,2019,19,Port Adelaide,55
159,2019,19,Western Bulldogs,113
160,2019,19,Sydney Swans,80
161,2019,19,Gold Coast Suns,96
162,2019,20,North Melbourne,86
163,2019,20,Essendon,67
164,2019,20,GWS Giants,83
165,2019,20,Fremantle,95
166,2019,20,Melbourne,60
167,2019,20,Adelaide Crows,92
168,2019,20,Collingwood,120
169,2019,20,Carlton,75
170,2019,20,Brisbane Lions,98
171,2019,21,GWS Giants,29
172,2019,21,Melbourne,53
173,2019,21,Port Adelaide,103
174,2019,21,Brisbane Lions,144
175,2019,21,Essendon,33
176,2019,21,Geelong Cats,69
177,2019,21,St Kilda,72
178,2019,21,Richmond,73
179,2019,21,West Coast Eagles,90
180,2019,22,Melbourne,42
181,2019,22,Carlton,78
182,2019,22,Brisbane Lions,75
183,2019,22,Adelaide Crows,48
184,2019,22,North Melbourne,144
185,2019,22,Fremantle,55
186,2019,22,Richmond,88
187,2019,22,GWS Giants,65
188,2019,22,Hawthorn,118
189,2019,23,Collingwood,76
190,2019,23,Sydney Swans,109
191,2019,23,North Melbourne,88
192,2019,23,Geelong Cats,129
193,2019,23,Gold Coast Suns,55
194,2019,23,West Coast Eagles,67
195,2019,23,Western Bulldogs,121
196,2019,23,Richmond,82
197,2019,23,Port Adelaide,110
198,2019,24,West Coast Eagles,116
199,2019,24,Geelong Cats,51
200,2019,24,GWS Giants,113
201,2019,24,Brisbane Lions,65
202,2019,25,Geelong Cats,88
203,2019,25,Brisbane Lions,80
204,2019,26,Richmond,85
205,2019,26,Collingwood,52
206,2019,27,Richmond,114
207,2020,1,Richmond,105
208,2020,1,Western Bulldogs,34
209,2020,1,Essendon,63
210,2020,1,Adelaide Crows,71
211,2020,1,GWS Giants,105
212,2020,1,Gold Coast Suns,29
213,2020,1,North Melbourne,56
214,2020,1,Hawthorn,90
215,2020,1,West Coast Eagles,78
216,2020,2,Collingwood,36
217,2020,2,Geelong Cats,108
218,2020,2,Brisbane Lions,81
219,2020,2,Carlton,53
220,2020,2,Port Adelaide,110
221,2020,2,Gold Coast Suns,90
222,2020,2,GWS Giants,60
223,2020,2,Sydney Swans,73
224,2020,2,St Kilda,88
225,2020,3,Richmond,39
226,2020,3,Western Bulldogs,57
227,2020,3,North Melbourne,60
228,2020,3,Collingwood,81
229,2020,3,Geelong Cats,77
230,2020,3,Brisbane Lions,74
231,2020,3,Gold Coast Suns,82
232,2020,3,Fremantle,41
233,2020,4,Sydney Swans,39
234,2020,4,GWS Giants,66
235,2020,4,Port Adelaide,89
236,2020,4,St Kilda,93
237,2020,4,Essendon,51
238,2020,4,Gold Coast Suns,64
239,2020,4,Brisbane Lions,83
240,2020,4,Melbourne,44
241,2020,4,Hawthorn,58
242,2020,5,Carlton,55
243,2020,5,Collingwood,48
244,2020,5,West Coast Eagles,77
245,2020,5,Geelong Cats,89
246,2020,5,Western Bulldogs,87
247,2020,5,Brisbane Lions,85
248,2020,5,Adelaide Crows,34
249,2020,5,Melbourne,52
250,2020,5,GWS Giants,83
251,2020,6,Geelong Cats,73
252,2020,6,Collingwood,59
253,2020,6,Fremantle,79
254,2020,6,West Coast Eagles,67
255,2020,6,Melbourne,80
256,2020,6,Essendon,67
257,2020,6,Port Adelaide,63
258,2020,6,Richmond,34
259,2020,6,Carlton,103
260,2020,7,Geelong Cats,35
261,2020,7,Essendon,51
262,2020,7,GWS Giants,68
263,2020,7,Sydney Swans,60
264,2020,7,Richmond,77
265,2020,7,Carlton,61
266,2020,7,Hawthorn,48
267,2020,7,Fremantle,32
268,2020,7,Adelaide Crows,55
269,2020,8,Gold Coast Suns,46
270,2020,8,GWS Giants,62
271,2020,8,North Melbourne,57
272,2020,8,Sydney Swans,60
273,2020,8,Port Adelaide,44
274,2020,8,Adelaide Crows,59
275,2020,8,West Coast Eagles,111
276,2020,8,Melbourne,49
277,2020,8,Fremantle,16
278,2020,9,Western Bulldogs,49
279,2020,9,Melbourne,32
280,2020,9,Carlton,58
281,2020,9,Essendon,28
282,2020,9,North Melbourne,119
283,2020,9,St Kilda,101
284,2020,9,West Coast Eagles,73
285,2020,9,Gold Coast Suns,35
286,2020,9,Fremantle,61
287,2020,10,Port Adelaide,55
288,2020,10,Richmond,82
289,2020,10,Geelong Cats,90
290,2020,10,Adelaide Crows,37
291,2020,10,Collingwood,50
292,2020,10,Gold Coast Suns,74
293,2020,10,Essendon,55
294,2020,11,Port Adelaide,93
295,2020,11,Brisbane Lions,96
296,2020,11,West Coast Eagles,72
297,2020,11,Melbourne,92
298,2020,11,St Kilda,34
299,2020,11,Fremantle,48
300,2020,11,Adelaide Crows,38
301,2020,11,Gold Coast Suns,73
302,2020,12,Sydney Swans,66
303,2020,12,Geelong Cats,91
304,2020,12,North Melbourne,52
305,2020,12,Melbourne,100
306,2020,12,Fremantle,36
307,2020,12,Western Bulldogs,111
308,2020,12,St Kilda,68
309,2020,12,West Coast Eagles,81
310,2020,12,Richmond,53
311,2020,13,Gold Coast Suns,27
312,2020,13,Western Bulldogs,80
313,2020,13,Port Adelaide,68
314,2020,13,Essendon,61
315,2020,13,Fremantle,50
316,2020,13,Adelaide Crows,37
317,2020,13,Brisbane Lions,50
318,2020,13,West Coast Eagles,61
319,2020,13,Collingwood,65
320,2020,14,Hawthorn,71
321,2020,14,Richmond,88
322,2020,14,Western Bulldogs,61
323,2020,14,Port Adelaide,73
324,2020,14,Fremantle,53
325,2020,14,Melbourne,52
326,2020,14,Carlton,48
327,2020,14,Gold Coast Suns,91
328,2020,15,Hawthorn,48
329,2020,15,West Coast Eagles,60
330,2020,15,Richmond,56
331,2020,15,Sydney Swans,67
332,2020,15,GWS Giants,48
333,2020,15,Brisbane Lions,42
334,2020,16,North Melbourne,42
335,2020,16,St Kilda,80
336,2020,16,Geelong Cats,108
337,2020,16,Western Bulldogs,49
338,2020,16,Melbourne,33
339,2020,16,Adelaide Crows,59
340,2020,16,Carlton,57
341,2020,16,Brisbane Lions,88
342,2020,17,St Kilda,50
343,2020,17,Geelong Cats,31
344,2020,17,North Melbourne,35
345,2020,17,Port Adelaide,79
346,2020,17,GWS Giants,74
347,2020,17,Carlton,56
348,2020,17,Hawthorn,40
349,2020,17,Sydney Swans,41
350,2020,17,Collingwood,68
351,2020,18,North Melbourne,34
352,2020,18,St Kilda,82
353,2020,18,Essendon,49
354,2020,18,Adelaide Crows,33
355,2020,18,Brisbane Lions,78
356,2020,18,Hawthorn,108
357,2020,18,Sydney Swans,63
358,2020,18,Fremantle,44
359,2020,18,Collingwood,45
360,2020,19,Port Adelaide,58
361,2020,19,Brisbane Lions,69
362,2020,19,St Kilda,67
363,2020,19,West Coast Eagles,75
364,2020,20,Richmond,80
365,2020,20,Geelong Cats,100
366,2020,21,Port Adelaide,40
367,2020,21,Brisbane Lions,42
368,2020,22,Richmond,81
369,2021,1,Richmond,105
370,2021,1,Collingwood,53
371,2021,1,Melbourne,80
372,2021,1,Adelaide Crows,103
373,2021,1,Essendon,91
374,2021,1,Brisbane Lions,94
375,2021,1,North Melbourne,65
376,2021,1,GWS Giants,78
377,2021,1,West Coast Eagles,83
378,2021,2,Carlton,85
379,2021,2,Geelong Cats,81
380,2021,2,Sydney Swans,121
381,2021,2,Port Adelaide,119
382,2021,2,St Kilda,73
383,2021,2,Gold Coast Suns,98
384,2021,2,Hawthorn,49
385,2021,2,Western Bulldogs,100
386,2021,2,Fremantle,87
387,2021,3,Collingwood,72
388,2021,3,North Melbourne,39
389,2021,3,Adelaide Crows,95
390,2021,3,Richmond,72
391,2021,3,Essendon,143
392,2021,3,West Coast Eagles,108
393,2021,3,Carlton,109
394,2021,3,GWS Giants,68
395,2021,3,Geelong Cats,69
396,2021,4,Sydney Swans,83
397,2021,4,Port Adelaide,79
398,2021,4,Western Bulldogs,73
399,2021,4,St Kilda,102
400,2021,4,Gold Coast Suns,59
401,2021,4,Collingwood,60
402,2021,4,North Melbourne,68
403,2021,4,Melbourne,85
404,2021,4,Fremantle,96
405,2021,5,St Kilda,48
406,2021,5,West Coast Eagles,103
407,2021,5,Western Bulldogs,118
408,2021,5,Sydney Swans,69
409,2021,5,Carlton,68
410,2021,5,Brisbane Lions,102
411,2021,5,Adelaide Crows,72
412,2021,5,Hawthorn,54
413,2021,5,Geelong Cats,77
414,2021,6,GWS Giants,65
415,2021,6,Geelong Cats,136
416,2021,6,Gold Coast Suns,100
417,2021,6,Carlton,85
418,2021,6,Melbourne,82
419,2021,6,Fremantle,99
420,2021,6,Hawthorn,102
421,2021,6,Collingwood,85
422,2021,6,Port Adelaide,93
423,2021,7,Richmond,77
424,2021,7,Collingwood,55
425,2021,7,Adelaide Crows,39
426,2021,7,St Kilda,128
427,2021,7,Brisbane Lions,93
428,2021,7,Sydney Swans,90
429,2021,7,North Melbourne,73
430,2021,7,Essendon,107
431,2021,7,West Coast Eagles,132
432,2021,8,Richmond,63
433,2021,8,Gold Coast Suns,54
434,2021,8,GWS Giants,107
435,2021,8,North Melbourne,76
436,2021,8,Melbourne,67
437,2021,8,Port Adelaide,87
438,2021,8,Hawthorn,60
439,2021,8,Western Bulldogs,107
440,2021,8,Brisbane Lions,95
441,2021,9,St Kilda,47
442,2021,9,Sydney Swans,72
443,2021,9,Hawthorn,80
444,2021,9,Gold Coast Suns,51
445,2021,9,Richmond,87
446,2021,9,Port Adelaide,77
447,2021,9,Essendon,68
448,2021,9,Melbourne,94
449,2021,9,West Coast Eagles,106
450,2021,10,Brisbane Lions,102
451,2021,10,Carlton,86
452,2021,10,Geelong Cats,91
453,2021,10,Adelaide Crows,96
454,2021,10,Western Bulldogs,144
455,2021,10,Fremantle,86
456,2021,10,GWS Giants,93
457,2021,10,Collingwood,58
458,2021,10,Essendon,141
459,2021,11,Western Bulldogs,59
460,2021,11,Collingwood,51
461,2021,11,Brisbane Lions,129
462,2021,11,St Kilda,88
463,2021,11,Gold Coast Suns,113
464,2021,11,West Coast Eagles,71
465,2021,11,Richmond,111
466,2021,11,Sydney Swans,100
467,2021,11,Port Adelaide,115
468,2021,12,Melbourne,97
469,2021,12,Sydney Swans,92
470,2021,12,Adelaide Crows,73
471,2021,12,Essendon,84
472,2021,12,Carlton,73
473,2021,12,Fremantle,65
474,2021,13,Port Adelaide,91
475,2021,13,Sydney Swans,51
476,2021,13,Fremantle,76
477,2021,13,St Kilda,60
478,2021,13,North Melbourne,94
479,2021,13,West Coast Eagles,85
480,2021,13,Melbourne,63
481,2021,14,Geelong Cats,83
482,2021,14,Gold Coast Suns,31
483,2021,14,North Melbourne,45
484,2021,14,GWS Giants,102
485,2021,14,Hawthorn,73
486,2021,15,Brisbane Lions,94
487,2021,15,Richmond,22
488,2021,15,Collingwood,79
489,2021,15,North Melbourne,72
490,2021,15,Port Adelaide,81
491,2021,15,Essendon,57
492,2021,15,GWS Giants,72
493,2021,15,West Coast Eagles,43
494,2021,15,Carlton,83
495,2021,16,Gold Coast Suns,77
496,2021,16,Geelong Cats,98
497,2021,16,Melbourne,55
498,2021,16,Adelaide Crows,59
499,2021,16,Fremantle,64
500,2021,16,Hawthorn,53
501,2021,16,Sydney Swans,118
502,2021,16,Collingwood,61
503,2021,16,Western Bulldogs,108
504,2021,17,Port Adelaide,55
505,2021,17,Essendon,84
506,2021,17,Hawthorn,46
507,2021,17,Carlton,44
508,2021,17,Brisbane Lions,63
509,2021,17,GWS Giants,64
510,2021,17,Western Bulldogs,60
511,2021,17,Richmond,71
512,2021,17,West Coast Eagles,60
513,2021,18,Fremantle,31
514,2021,18,Richmond,106
515,2021,18,St Kilda,61
516,2021,18,Gold Coast Suns,79
517,2021,18,Melbourne,79
518,2021,18,North Melbourne,74
519,2021,18,Collingwood,62
520,2021,18,Adelaide Crows,56
521,2021,18,GWS Giants,72
522,2021,19,Port Adelaide,97
523,2021,19,Carlton,77
524,2021,19,Brisbane Lions,120
525,2021,19,West Coast Eagles,94
526,2021,19,Melbourne,65
527,2021,19,Adelaide Crows,102
528,2021,19,Sydney Swans,98
529,2021,19,Geelong Cats,95
530,2021,19,Essendon,53
531,2021,20,St Kilda,81
532,2021,20,Western Bulldogs,105
533,2021,20,North Melbourne,42
534,2021,20,Collingwood,90
535,2021,20,Gold Coast Suns,30
536,2021,20,Hawthorn,92
537,2021,20,Essendon,102
538,2021,20,Fremantle,55
539,2021,20,GWS Giants,73
540,2021,21,Geelong Cats,65
541,2021,21,Carlton,57
542,2021,21,Richmond,89
543,2021,21,Adelaide Crows,51
544,2021,21,St Kilda,93
545,2021,21,Hawthorn,97
546,2021,21,Western Bulldogs,84
547,2021,21,Fremantle,54
548,2021,21,West Coast Eagles,63
549,2021,22,GWS Giants,106
550,2021,22,Hawthorn,64
551,2021,22,Geelong Cats,85
552,2021,22,Port Adelaide,140
553,2021,22,Brisbane Lions,142
554,2021,22,North Melbourne,77
555,2021,22,Melbourne,104
556,2021,22,Gold Coast Suns,30
557,2021,22,Fremantle,79
558,2021,23,Western Bulldogs,64
559,2021,23,Richmond,83
560,2021,23,Sydney Swans,136
561,2021,23,Brisbane Lions,125
562,2021,23,Geelong Cats,77
563,2021,23,Carlton,75
564,2021,23,St Kilda,107
565,2021,23,Essendon,102
566,2021,23,Adelaide Crows,98
567,2021,24,Port Adelaide,86
568,2021,24,Sydney Swans,73
569,2021,24,Melbourne,93
570,2021,24,Western Bulldogs,85
571,2021,25,Geelong Cats,103
572,2021,25,Brisbane Lions,78
573,2021,26,Melbourne,125
574,2021,26,Port Adelaide,45
575,2021,27,Melbourne,140
576,2022,1,Melbourne,97
577,2022,1,Carlton,101
578,2022,1,St Kilda,85
579,2022,1,Geelong Cats,138
580,2022,1,GWS Giants,92
581,2022,1,Brisbane Lions,80
582,2022,1,Hawthorn,78
583,2022,1,Adelaide Crows,82
584,2022,1,West Coast Eagles,80
585,2022,2,Western Bulldogs,90
586,2022,2,Sydney Swans,107
587,2022,2,Collingwood,100
588,2022,2,Essendon,75
589,2022,2,Port Adelaide,56
590,2022,2,Gold Coast Suns,69
591,2022,2,North Melbourne,74
592,2022,2,Richmond,109
593,2022,2,Fremantle,55
594,2022,3,Western Bulldogs,71
595,2022,3,Melbourne,99
596,2022,3,Adelaide Crows,96
597,2022,3,GWS Giants,83
598,2022,3,Collingwood,91
599,2022,3,Brisbane Lions,156
600,2022,3,Carlton,74
601,2022,3,St Kilda,117
602,2022,3,West Coast Eagles,47
603,2022,4,Port Adelaide,36
604,2022,4,Geelong Cats,80
605,2022,4,Sydney Swans,86
606,2022,4,Collingwood,74
607,2022,4,Richmond,99
608,2022,4,Fremantle,88
609,2022,4,Essendon,103
610,2022,4,Hawthorn,73
611,2022,4,Gold Coast Suns,92
612,2022,5,Brisbane Lions,98
613,2022,5,North Melbourne,71
614,2022,5,West Coast Eagles,58
615,2022,5,St Kilda,87
616,2022,5,Adelaide Crows,101
617,2022,5,Melbourne,120
618,2022,5,Carlton,94
619,2022,5,Essendon,59
620,2022,5,Hawthorn,92
621,2022,6,GWS Giants,60
622,2022,6,Western Bulldogs,62
623,2022,6,Port Adelaide,117
624,2022,6,Fremantle,97
625,2022,6,North Melbourne,61
626,2022,6,Gold Coast Suns,80
627,2022,6,Richmond,54
628,2022,6,Hawthorn,68
629,2022,6,Essendon,82
630,2022,7,West Coast Eagles,56
631,2022,7,Geelong Cats,66
632,2022,7,Adelaide Crows,54
633,2022,7,Melbourne,91
634,2022,7,St Kilda,42
635,2022,7,Carlton,114
636,2022,7,Collingwood,115
637,2022,7,Western Bulldogs,103
638,2022,7,Sydney Swans,89
639,2022,8,Port Adelaide,86
640,2022,8,Fremantle,102
641,2022,8,Richmond,113
642,2022,8,Sydney Swans,61
643,2022,8,GWS Giants,35
644,2022,8,Essendon,108
645,2022,8,Brisbane Lions,105
646,2022,8,Melbourne,93
647,2022,8,Carlton,116
648,2022,9,Collingwood,51
649,2022,9,Hawthorn,94
650,2022,9,North Melbourne,46
651,2022,9,St Kilda,90
652,2022,9,Sydney Swans,105
653,2022,9,Adelaide Crows,66
654,2022,9,Gold Coast Suns,69
655,2022,9,GWS Giants,75
656,2022,9,West Coast Eagles,38
657,2022,10,Carlton,102
658,2022,10,Geelong Cats,82
659,2022,10,Western Bulldogs,106
660,2022,10,North Melbourne,53
661,2022,10,Adelaide Crows,69
662,2022,10,Richmond,80
663,2022,10,GWS Giants,138
664,2022,10,Hawthorn,117
665,2022,10,Fremantle,44
666,2022,11,Sydney Swans,106
667,2022,11,Brisbane Lions,110
668,2022,11,Geelong Cats,97
669,2022,11,Melbourne,56
670,2022,11,West Coast Eagles,60
671,2022,11,Gold Coast Suns,121
672,2022,11,St Kilda,103
673,2022,11,Collingwood,79
674,2022,11,Port Adelaide,66
675,2022,12,Western Bulldogs,70
676,2022,12,Adelaide Crows,88
677,2022,12,Gold Coast Suns,109
678,2022,12,Melbourne,61
679,2022,12,Hawthorn,68
680,2022,12,Fremantle,99
681,2022,13,Richmond,77
682,2022,13,Essendon,54
683,2022,13,Fremantle,95
684,2022,13,Brisbane Lions,78
685,2022,13,North Melbourne,53
686,2022,13,Collingwood,82
687,2022,14,Richmond,81
688,2022,14,St Kilda,72
689,2022,14,Port Adelaide,82
690,2022,14,West Coast Eagles,63
691,2022,14,GWS Giants,105
692,2022,14,Gold Coast Suns,116
693,2022,15,Melbourne,117
694,2022,15,Western Bulldogs,125
695,2022,15,West Coast Eagles,107
696,2022,15,Carlton,81
697,2022,15,Geelong Cats,89
698,2022,15,Sydney Swans,83
699,2022,15,North Melbourne,58
700,2022,15,Collingwood,88
701,2022,15,Port Adelaide,93
702,2022,16,Brisbane Lions,108
703,2022,16,Carlton,78
704,2022,16,Essendon,95
705,2022,16,Adelaide Crows,65
706,2022,16,Geelong Cats,144
707,2022,16,Gold Coast Suns,62
708,2022,16,Richmond,128
709,2022,16,GWS Giants,72
710,2022,16,Fremantle,99
711,2022,17,Geelong Cats,91
712,2022,17,Sydney Swans,120
713,2022,17,Collingwood,88
714,2022,17,Gold Coast Suns,94
715,2022,17,St Kilda,70
716,2022,17,Port Adelaide,84
717,2022,17,Brisbane Lions,90
718,2022,17,Hawthorn,86
719,2022,17,West Coast Eagles,53
720,2022,18,Western Bulldogs,84
721,2022,18,Adelaide Crows,86
722,2022,18,GWS Giants,59
723,2022,18,North Melbourne,92
724,2022,18,Carlton,55
725,2022,18,Fremantle,65
726,2022,18,Hawthorn,102
727,2022,18,Melbourne,83
728,2022,18,Essendon,103
729,2022,19,Richmond,52
730,2022,19,North Melbourne,75
731,2022,19,Sydney Swans,118
732,2022,19,Port Adelaide,94
733,2022,19,Brisbane Lions,110
734,2022,19,Western Bulldogs,110
735,2022,19,Carlton,90
736,2022,19,Collingwood,80
737,2022,19,West Coast Eagles,62
738,2022,20,Fremantle,39
739,2022,20,Collingwood,88
740,2022,20,Sydney Swans,112
741,2022,20,St Kilda,75
742,2022,20,Geelong Cats,94
743,2022,20,Adelaide Crows,84
744,2022,20,Gold Coast Suns,107
745,2022,20,Richmond,104
746,2022,20,Essendon,114
747,2022,21,Melbourne,89
748,2022,21,Hawthorn,70
749,2022,21,GWS Giants,96
750,2022,21,Western Bulldogs,78
751,2022,21,Geelong Cats,110
752,2022,21,Port Adelaide,71
753,2022,21,North Melbourne,88
754,2022,21,Brisbane Lions,114
755,2022,21,West Coast Eagles,86
756,2022,22,St Kilda,66
757,2022,22,Western Bulldogs,62
758,2022,22,Adelaide Crows,103
759,2022,22,Gold Coast Suns,59
760,2022,22,Melbourne,79
761,2022,22,Fremantle,71
762,2022,22,Richmond,128
763,2022,22,Sydney Swans,77
764,2022,22,Essendon,62
765,2022,23,Brisbane Lions,57
766,2022,23,GWS Giants,69
767,2022,23,North Melbourne,47
768,2022,23,Geelong Cats,131
769,2022,23,Essendon,75
770,2022,23,Port Adelaide,111
771,2022,23,Hawthorn,64
772,2022,23,Carlton,74
773,2022,23,St Kilda,74
774,2022,24,Brisbane Lions,106
775,2022,24,Melbourne,69
776,2022,24,Geelong Cats,78
777,2022,24,Fremantle,73
778,2022,25,Melbourne,79
779,2022,25,Collingwood,79
780,2022,26,Geelong Cats,120
781,2022,26,Sydney Swans,95
782,2022,27,Geelong Cats,133
783,2023,1,Richmond,58
784,2023,1,Geelong Cats,103
785,2023,1,North Melbourne,87
786,2023,1,Port Adelaide,126
787,2023,1,Melbourne,115
788,2023,1,Gold Coast Suns,61
789,2023,1,GWS Giants,106
790,2023,1,Hawthorn,65
791,2023,1,St Kilda,67
792,2023,2,Carlton,90
793,2023,2,Brisbane Lions,93
794,2023,2,Collingwood,135
795,2023,2,Adelaide Crows,76
796,2023,2,Western Bulldogs,41
797,2023,2,Fremantle,72
798,2023,2,Sydney Swans,118
799,2023,2,Essendon,108
800,2023,2,West Coast Eagles,100
801,2023,3,Western Bulldogs,67
802,2023,3,Collingwood,63
803,2023,3,Hawthorn,80
804,2023,3,GWS Giants,64
805,2023,3,St Kilda,92
806,2023,3,Port Adelaide,86
807,2023,3,Gold Coast Suns,73
808,2023,3,Melbourne,134
809,2023,3,Fremantle,108
810,2023,4,Brisbane Lions,116
811,2023,4,North Melbourne,84
812,2023,4,Adelaide Crows,111
813,2023,4,Richmond,84
814,2023,4,St Kilda,113
815,2023,4,Sydney Swans,64
816,2023,4,Essendon,88
817,2023,4,West Coast Eagles,63
818,2023,4,Geelong Cats,127
819,2023,5,Adelaide Crows,118
820,2023,5,Fremantle,100
821,2023,5,Richmond,78
822,2023,5,Brisbane Lions,152
823,2023,5,Essendon,104
824,2023,5,Port Adelaide,70
825,2023,5,Geelong Cats,136
826,2023,5,GWS Giants,77
827,2023,5,Collingwood,70
828,2023,6,Fremantle,69
829,2023,6,Port Adelaide,109
830,2023,6,GWS Giants,87
831,2023,6,Geelong Cats,130
832,2023,6,Hawthorn,76
833,2023,6,Carlton,60
834,2023,6,Gold Coast Suns,97
835,2023,6,Melbourne,96
836,2023,6,Collingwood,90
837,2023,7,St Kilda,76
838,2023,7,Brisbane Lions,115
839,2023,7,Sydney Swans,106
840,2023,7,Western Bulldogs,94
841,2023,7,Melbourne,139
842,2023,7,West Coast Eagles,44
843,2023,7,Essendon,104
844,2023,7,Richmond,48
845,2023,7,Adelaide Crows,58
846,2023,8,Carlton,74
847,2023,8,Richmond,104
848,2023,8,Geelong Cats,98
849,2023,8,Gold Coast Suns,85
850,2023,8,GWS Giants,71
851,2023,8,Fremantle,117
852,2023,8,Port Adelaide,92
853,2023,8,Collingwood,77
854,2023,8,North Melbourne,34
855,2023,9,Richmond,102
856,2023,9,West Coast Eagles,43
857,2023,9,Sydney Swans,86
858,2023,9,North Melbourne,65
859,2023,9,Hawthorn,49
860,2023,9,Brisbane Lions,87
861,2023,9,Carlton,59
862,2023,9,Adelaide Crows,121
863,2023,9,Collingwood,120
864,2023,10,Port Adelaide,80
865,2023,10,North Melbourne,90
866,2023,10,Western Bulldogs,85
867,2023,10,Fremantle,106
868,2023,10,Brisbane Lions,107
869,2023,10,Essendon,71
870,2023,10,Hawthorn,142
871,2023,10,Carlton,57
872,2023,10,GWS Giants,80
873,2023,11,Sydney Swans,77
874,2023,11,St Kilda,78
875,2023,11,Melbourne,72
876,2023,11,Geelong Cats,74
877,2023,11,Gold Coast Suns,84
878,2023,11,West Coast Eagles,46
879,2023,11,Richmond,67
880,2023,11,Collingwood,105
881,2023,11,Adelaide Crows,95
882,2023,12,Melbourne,61
883,2023,12,Port Adelaide,151
884,2023,12,West Coast Eagles,57
885,2023,12,Western Bulldogs,75
886,2023,12,Gold Coast Suns,112
887,2023,12,GWS Giants,104
888,2023,12,Essendon,105
889,2023,13,Sydney Swans,66
890,2023,13,Western Bulldogs,85
891,2023,13,Hawthorn,98
892,2023,13,Adelaide Crows,174
893,2023,13,Fremantle,70
894,2023,13,North Melbourne,75
895,2023,13,Carlton,52
896,2023,13,Melbourne,66
897,2023,14,Port Adelaide,110
898,2023,14,Brisbane Lions,97
899,2023,14,GWS Giants,106
900,2023,14,Richmond,90
901,2023,14,Carlton,120
902,2023,14,North Melbourne,84
903,2023,15,Geelong Cats,78
904,2023,15,St Kilda,56
905,2023,15,Sydney Swans,205
906,2023,15,Fremantle,93
907,2023,15,Collingwood,82
908,2023,15,Gold Coast Suns,101
909,2023,16,Brisbane Lions,134
910,2023,16,Sydney Swans,54
911,2023,16,Adelaide Crows,138
912,2023,16,Western Bulldogs,102
913,2023,16,Gold Coast Suns,42
914,2023,16,Essendon,74
915,2023,16,Hawthorn,52
916,2023,16,Melbourne,45
917,2023,16,West Coast Eagles,77
918,2023,17,Richmond,88
919,2023,17,Western Bulldogs,77
920,2023,17,Brisbane Lions,116
921,2023,17,GWS Giants,85
922,2023,17,St Kilda,58
923,2023,17,Port Adelaide,106
924,2023,17,Geelong Cats,125
925,2023,17,Essendon,115
926,2023,17,Fremantle,45
927,2023,18,Sydney Swans,78
928,2023,18,Melbourne,105
929,2023,18,Collingwood,113
930,2023,18,Gold Coast Suns,77
931,2023,18,Carlton,122
932,2023,18,Geelong Cats,122
933,2023,18,Adelaide Crows,57
934,2023,18,North Melbourne,40
935,2023,18,West Coast Eagles,60
936,2023,19,Essendon,49
937,2023,19,Richmond,96
938,2023,19,Carlton,140
939,2023,19,Brisbane Lions,64
940,2023,19,Fremantle,76
941,2023,19,Port Adelaide,83
942,2023,19,GWS Giants,103
943,2023,19,Melbourne,97
944,2023,19,St Kilda,69
945,2023,20,Collingwood,76
946,2023,20,Geelong Cats,64
947,2023,20,Western Bulldogs,73
948,2023,20,Gold Coast Suns,96
949,2023,20,Essendon,99
950,2023,20,Adelaide Crows,112
951,2023,20,Hawthorn,93
952,2023,20,Richmond,98
953,2023,20,West Coast Eagles,72
954,2023,21,Western Bulldogs,126
955,2023,21,Essendon,73
956,2023,21,Adelaide Crows,89
957,2023,21,Hawthorn,105
958,2023,21,Geelong Cats,97
959,2023,21,GWS Giants,85
960,2023,21,North Melbourne,71
961,2023,21,St Kilda,54
962,2023,21,Fremantle,74
963,2023,22,Collingwood,109
964,2023,22,North Melbourne,77
965,2023,22,Sydney Swans,114
966,2023,22,Brisbane Lions,99
967,2023,22,Carlton,60
968,2023,22,West Coast Eagles,33
969,2023,22,Hawthorn,67
970,2023,22,St Kilda,93
971,2023,22,Port Adelaide,136
972,2023,23,Collingwood,100
973,2023,23,Richmond,101
974,2023,23,Gold Coast Suns,87
975,2023,23,GWS Giants,162
976,2023,23,St Kilda,88
977,2023,23,Adelaide Crows,73
978,2023,23,Western Bulldogs,85
979,2023,23,Melbourne,87
980,2023,23,Fremantle,58
981,2023,24,Essendon,31
982,2023,24,Hawthorn,56
983,2023,24,North Melbourne,132
984,2023,24,Brisbane Lions,72
985,2023,24,Geelong Cats,79
986,2023,24,West Coast Eagles,78
987,2023,24,Port Adelaide,94
988,2023,24,Sydney Swans,56
989,2023,24,Carlton,73
990,2023,25,Collingwood,60
991,2023,25,Carlton,74
992,2023,25,St Kilda,77
993,2023,25,Brisbane Lions,123
994,2023,26,Melbourne,71
995,2023,26,Port Adelaide,70
996,2023,27,Collingwood,58
997,2023,27,Brisbane Lions,79
998,2023,28,Collingwood,90
999,2019,1,Richmond,97
1000,2019,1,Geelong Cats,72
1001,2019,1,Port Adelaide,87
1002,2019,1,Hawthorn,87
1003,2019,1,Sydney Swans,65
1004,2019,1,West Coast Eagles,58
1005,2019,1,Gold Coast Suns,84
1006,2019,1,Essendon,40
1007,2019,1,North Melbourne,59
1008,2019,2,Collingwood,110
1009,2019,2,Adelaide Crows,88
1010,2019,2,St Kilda,76
1011,2019,2,Carlton,72
1012,2019,2,Melbourne,46
1013,2019,2,GWS Giants,52
1014,2019,2,Brisbane Lions,107
1015,2019,2,Western Bulldogs,106
1016,2019,2,Fremantle,58
1017,2019,3,Geelong Cats,99
1018,2019,3,Essendon,130
1019,2019,3,Sydney Swans,93
1020,2019,3,Richmond,76
1021,2019,3,Port Adelaide,90
1022,2019,3,West Coast Eagles,98
1023,2019,3,Gold Coast Suns,73
1024,2019,3,North Melbourne,71
1025,2019,3,St Kilda,66
1026,2019,4,Melbourne,100
1027,2019,4,Western Bulldogs,64
1028,2019,4,GWS Giants,79
1029,2019,4,Brisbane Lions,65
1030,2019,4,Richmond,99
1031,2019,4,Adelaide Crows,59
1032,2019,4,Fremantle,56
1033,2019,4,Carlton,57
1034,2019,4,Hawthorn,69
1035,2019,5,Collingwood,123
1036,2019,5,Essendon,116
1037,2019,5,Port Adelaide,95
1038,2019,5,Fremantle,106
1039,2019,5,St Kilda,95
1040,2019,5,Sydney Swans,67
1041,2019,5,Carlton,101
1042,2019,5,Gold Coast Suns,46
1043,2019,5,Geelong Cats,113
1044,2019,6,Melbourne,42
1045,2019,6,Collingwood,73
1046,2019,6,North Melbourne,72
1047,2019,6,Brisbane Lions,111
1048,2019,6,Adelaide Crows,97
1049,2019,6,GWS Giants,120
1050,2019,6,Western Bulldogs,69
1051,2019,6,Carlton,88
1052,2019,6,West Coast Eagles,46
1053,2019,7,Port Adelaide,69
1054,2019,7,Hawthorn,74
1055,2019,7,St Kilda,70
1056,2019,7,Sydney Swans,81
1057,2019,7,Richmond,52
1058,2019,7,Gold Coast Suns,57
1059,2019,7,North Melbourne,120
1060,2019,7,Essendon,54
1061,2019,7,Fremantle,34
1062,2019,8,Essendon,72
1063,2019,8,Brisbane Lions,76
1064,2019,8,Collingwood,106
1065,2019,8,Melbourne,61
1066,2019,8,West Coast Eagles,88
1067,2019,8,Adelaide Crows,88
1068,2019,8,Geelong Cats,104
1069,2019,8,GWS Giants,38
1070,2019,8,Richmond,111
1071,2019,9,Melbourne,69
1072,2019,9,St Kilda,71
1073,2019,9,Adelaide Crows,92
1074,2019,9,Western Bulldogs,89
1075,2019,9,Fremantle,53
1076,2019,9,Sydney Swans,77
1077,2019,9,Gold Coast Suns,51
1078,2019,9,Hawthorn,59
1079,2019,9,Carlton,45
1080,2019,10,Collingwood,80
1081,2019,10,Port Adelaide,49
1082,2019,10,North Melbourne,115
1083,2019,10,West Coast Eagles,85
1084,2019,10,Geelong Cats,91
1085,2019,10,Essendon,50
1086,2019,10,GWS Giants,94
1087,2019,10,Carlton,55
1088,2019,10,Brisbane Lions,72
1089,2019,11,Richmond,62
1090,2019,11,Fremantle,79
1091,2019,11,Gold Coast Suns,43
1092,2019,11,Sydney Swans,63
1093,2019,11,Hawthorn,66
1094,2019,11,Adelaide Crows,90
1095,2019,11,Port Adelaide,139
1096,2019,11,Carlton,33
1097,2019,11,Western Bulldogs,72
1098,2019,12,Geelong Cats,104
1099,2019,12,Brisbane Lions,63
1100,2019,12,North Melbourne,99
1101,2019,12,GWS Giants,61
1102,2019,12,West Coast Eagles,71
1103,2019,12,Melbourne,57
1104,2019,13,Richmond,68
1105,2019,13,Hawthorn,77
1106,2019,13,St Kilda,80
1107,2019,13,Port Adelaide,79
1108,2019,13,Western Bulldogs,103
1109,2019,13,GWS Giants,91
1110,2019,14,Essendon,71
1111,2019,14,Hawthorn,63
1112,2019,14,Fremantle,71
1113,2019,14,Brisbane Lions,115
1114,2019,14,Geelong Cats,56
1115,2019,14,Collingwood,82
1116,2019,15,GWS Giants,71
1117,2019,15,Adelaide Crows,69
1118,2019,15,West Coast Eagles,77
1119,2019,15,Gold Coast Suns,51
1120,2019,15,North Melbourne,81
1121,2019,15,Western Bulldogs,66
1122,2019,15,Richmond,103
1123,2019,15,Melbourne,74
1124,2019,15,Carlton,79
1125,2019,16,Collingwood,63
1126,2019,16,Sydney Swans,66
1127,2019,16,Richmond,150
1128,2019,16,Port Adelaide,101
1129,2019,16,Geelong Cats,55
1130,2019,16,West Coast Eagles,122
1131,2019,16,Melbourne,105
1132,2019,16,St Kilda,73
1133,2019,16,Brisbane Lions,94
1134,2019,17,Collingwood,78
1135,2019,17,Carlton,69
1136,2019,17,Fremantle,53
1137,2019,17,North Melbourne,81
1138,2019,17,Adelaide Crows,151
1139,2019,17,St Kilda,57
1140,2019,17,GWS Giants,67
1141,2019,17,Melbourne,66
1142,2019,17,Brisbane Lions,97
1143,2019,18,Essendon,96
1144,2019,18,Port Adelaide,63
1145,2019,18,Gold Coast Suns,75
1146,2019,18,Collingwood,75
1147,2019,18,North Melbourne,75
1148,2019,18,Sydney Swans,51
1149,2019,18,Hawthorn,85
1150,2019,18,West Coast Eagles,91
1151,2019,18,Western Bulldogs,89
1152,2019,19,Richmond,98
1153,2019,19,Brisbane Lions,87
1154,2019,19,Adelaide Crows,60
1155,2019,19,North Melbourne,72
1156,2019,19,Melbourne,85
1157,2019,19,GWS Giants,56
1158,2019,19,Fremantle,66
1159,2019,19,Geelong Cats,107
1160,2019,19,Essendon,106
1161,2019,20,Hawthorn,64
1162,2019,20,Port Adelaide,126
1163,2019,20,Sydney Swans,81
1164,2019,20,Geelong Cats,61
1165,2019,20,Richmond,93
1166,2019,20,St Kilda,70
1167,2019,20,Gold Coast Suns,51
1168,2019,20,West Coast Eagles,99
1169,2019,20,Western Bulldogs,80
1170,2019,21,Hawthorn,85
1171,2019,21,Collingwood,70
1172,2019,21,Sydney Swans,56
1173,2019,21,Gold Coast Suns,53
1174,2019,21,Western Bulldogs,137
1175,2019,21,North Melbourne,14
1176,2019,21,Fremantle,69
1177,2019,21,Carlton,45
1178,2019,21,Adelaide Crows,80
1179,2019,22,Sydney Swans,95
1180,2019,22,St Kilda,68
1181,2019,22,Geelong Cats,74
1182,2019,22,Collingwood,114
1183,2019,22,Port Adelaide,58
1184,2019,22,Essendon,87
1185,2019,22,West Coast Eagles,82
1186,2019,22,Western Bulldogs,126
1187,2019,22,Gold Coast Suns,48
1188,2019,23,Essendon,65
1189,2019,23,St Kilda,64
1190,2019,23,Melbourne,83
1191,2019,23,Carlton,61
1192,2019,23,GWS Giants,127
1193,2019,23,Hawthorn,105
1194,2019,23,Adelaide Crows,87
1195,2019,23,Brisbane Lions,55
1196,2019,23,Fremantle,67
1197,2019,24,Essendon,61
1198,2019,24,Collingwood,61
1199,2019,24,Western Bulldogs,55
1200,2019,24,Richmond,112
1201,2019,25,West Coast Eagles,68
1202,2019,25,GWS Giants,83
1203,2019,26,Geelong Cats,66
1204,2019,26,GWS Giants,56
1205,2019,27,GWS Giants,25
1206,2020,1,Carlton,81
1207,2020,1,Collingwood,86
1208,2020,1,Fremantle,57
1209,2020,1,Sydney Swans,74
1210,2020,1,Geelong Cats,73
1211,2020,1,Port Adelaide,76
1212,2020,1,St Kilda,54
1213,2020,1,Brisbane Lions,62
1214,2020,1,Melbourne,51
1215,2020,2,Richmond,36
1216,2020,2,Hawthorn,47
1217,2020,2,Fremantle,69
1218,2020,2,Melbourne,54
1219,2020,2,Adelaide Crows,35
1220,2020,2,West Coast Eagles,46
1221,2020,2,North Melbourne,80
1222,2020,2,Essendon,79
1223,2020,2,Western Bulldogs,49
1224,2020,3,Hawthorn,71
1225,2020,3,GWS Giants,33
1226,2020,3,Sydney Swans,71
1227,2020,3,St Kilda,37
1228,2020,3,Carlton,79
1229,2020,3,West Coast Eagles,44
1230,2020,3,Adelaide Crows,29
1231,2020,3,Port Adelaide,70
1232,2020,4,Western Bulldogs,67
1233,2020,4,Collingwood,64
1234,2020,4,West Coast Eagles,41
1235,2020,4,Richmond,67
1236,2020,4,Carlton,52
1237,2020,4,Fremantle,51
1238,2020,4,Adelaide Crows,46
1239,2020,4,Geelong Cats,47
1240,2020,4,North Melbourne,54
1241,2020,5,St Kilda,73
1242,2020,5,Essendon,63
1243,2020,5,Sydney Swans,43
1244,2020,5,Gold Coast Suns,52
1245,2020,5,North Melbourne,38
1246,2020,5,Port Adelaide,48
1247,2020,5,Fremantle,54
1248,2020,5,Richmond,79
1249,2020,5,Hawthorn,49
1250,2020,6,Brisbane Lions,46
1251,2020,6,Hawthorn,27
1252,2020,6,St Kilda,73
1253,2020,6,Adelaide Crows,34
1254,2020,6,Gold Coast Suns,63
1255,2020,6,North Melbourne,53
1256,2020,6,GWS Giants,46
1257,2020,6,Sydney Swans,26
1258,2020,6,Western Bulldogs,51
1259,2020,7,Collingwood,57
1260,2020,7,Western Bulldogs,93
1261,2020,7,Brisbane Lions,88
1262,2020,7,Gold Coast Suns,92
1263,2020,7,North Melbourne,23
1264,2020,7,Port Adelaide,64
1265,2020,7,Melbourne,91
1266,2020,7,West Coast Eagles,62
1267,2020,7,St Kilda,78
1268,2020,8,Western Bulldogs,51
1269,2020,8,Richmond,50
1270,2020,8,Carlton,64
1271,2020,8,Hawthorn,53
1272,2020,8,St Kilda,73
1273,2020,8,Essendon,62
1274,2020,8,Collingwood,45
1275,2020,8,Brisbane Lions,53
1276,2020,8,Geelong Cats,48
1277,2020,9,Richmond,90
1278,2020,9,Port Adelaide,83
1279,2020,9,Hawthorn,89
1280,2020,9,Brisbane Lions,91
1281,2020,9,Adelaide Crows,50
1282,2020,9,Sydney Swans,48
1283,2020,9,Geelong Cats,64
1284,2020,9,GWS Giants,61
1285,2020,9,Collingwood,49
1286,2020,10,Western Bulldogs,42
1287,2020,10,Brisbane Lions,41
1288,2020,10,North Melbourne,57
1289,2020,10,Melbourne,88
1290,2020,10,Sydney Swans,41
1291,2020,10,St Kilda,78
1292,2020,10,GWS Giants,59
1293,2020,11,Richmond,72
1294,2020,11,Western Bulldogs,72
1295,2020,11,Carlton,50
1296,2020,11,North Melbourne,35
1297,2020,11,Geelong Cats,93
1298,2020,11,Hawthorn,32
1299,2020,11,Collingwood,62
1300,2020,11,Essendon,73
1301,2020,12,GWS Giants,25
1302,2020,12,Port Adelaide,31
1303,2020,12,Brisbane Lions,53
1304,2020,12,Collingwood,44
1305,2020,12,Carlton,40
1306,2020,12,Adelaide Crows,54
1307,2020,12,Essendon,33
1308,2020,12,Hawthorn,49
1309,2020,12,Gold Coast Suns,32
1310,2020,13,Carlton,60
1311,2020,13,Melbourne,52
1312,2020,13,Hawthorn,58
1313,2020,13,Richmond,73
1314,2020,13,Sydney Swans,19
1315,2020,13,Geelong Cats,65
1316,2020,13,St Kilda,48
1317,2020,13,GWS Giants,49
1318,2020,13,North Melbourne,35
1319,2020,14,Essendon,87
1320,2020,14,West Coast Eagles,61
1321,2020,14,Geelong Cats,72
1322,2020,14,Sydney Swans,47
1323,2020,14,GWS Giants,91
1324,2020,14,St Kilda,49
1325,2020,14,Collingwood,72
1326,2020,14,North Melbourne,28
1327,2020,15,Adelaide Crows,83
1328,2020,15,Essendon,45
1329,2020,15,Fremantle,29
1330,2020,15,Melbourne,46
1331,2020,15,Carlton,39
1332,2020,15,Collingwood,34
1333,2020,16,Port Adelaide,78
1334,2020,16,Hawthorn,66
1335,2020,16,Essendon,42
1336,2020,16,West Coast Eagles,47
1337,2020,16,Fremantle,47
1338,2020,16,GWS Giants,47
1339,2020,16,Sydney Swans,52
1340,2020,16,Gold Coast Suns,43
1341,2020,17,West Coast Eagles,65
1342,2020,17,Richmond,57
1343,2020,17,Fremantle,99
1344,2020,17,Essendon,29
1345,2020,17,Melbourne,79
1346,2020,17,Adelaide Crows,72
1347,2020,17,Western Bulldogs,76
1348,2020,17,Brisbane Lions,73
1349,2020,17,Gold Coast Suns,46
1350,2020,18,West Coast Eagles,49
1351,2020,18,GWS Giants,30
1352,2020,18,Melbourne,68
1353,2020,18,Richmond,77
1354,2020,18,Carlton,61
1355,2020,18,Gold Coast Suns,57
1356,2020,18,Geelong Cats,69
1357,2020,18,Western Bulldogs,74
1358,2020,18,Port Adelaide,61
1359,2020,19,Geelong Cats,42
1360,2020,19,Richmond,54
1361,2020,19,Western Bulldogs,64
1362,2020,19,Collingwood,76
1363,2020,20,St Kilda,49
1364,2020,20,Collingwood,32
1365,2020,21,Richmond,46
1366,2020,21,Geelong Cats,82
1367,2020,22,Geelong Cats,50
1368,2021,1,Carlton,80
1369,2021,1,Western Bulldogs,69
1370,2021,1,Fremantle,58
1371,2021,1,Geelong Cats,91
1372,2021,1,Hawthorn,92
1373,2021,1,Sydney Swans,125
1374,2021,1,Port Adelaide,117
1375,2021,1,St Kilda,86
1376,2021,1,Gold Coast Suns,58
1377,2021,2,Collingwood,106
1378,2021,2,Brisbane Lions,80
1379,2021,2,Adelaide Crows,88
1380,2021,2,Essendon,65
1381,2021,2,Melbourne,91
1382,2021,2,North Melbourne,39
1383,2021,2,Richmond,78
1384,2021,2,West Coast Eagles,93
1385,2021,2,GWS Giants,56
1386,2021,3,Brisbane Lions,73
1387,2021,3,Western Bulldogs,167
1388,2021,3,Gold Coast Suns,85
1389,2021,3,Sydney Swans,117
1390,2021,3,St Kilda,68
1391,2021,3,Port Adelaide,71
1392,2021,3,Fremantle,64
1393,2021,3,Melbourne,102
1394,2021,3,Hawthorn,64
1395,2021,4,Essendon,80
1396,2021,4,Richmond,77
1397,2021,4,Brisbane Lions,54
1398,2021,4,West Coast Eagles,82
1399,2021,4,Carlton,70
1400,2021,4,GWS Giants,90
1401,2021,4,Adelaide Crows,109
1402,2021,4,Geelong Cats,60
1403,2021,4,Hawthorn,81
1404,2021,5,Richmond,134
1405,2021,5,Collingwood,76
1406,2021,5,Gold Coast Suns,56
1407,2021,5,GWS Giants,71
1408,2021,5,Port Adelaide,96
1409,2021,5,Essendon,45
1410,2021,5,Fremantle,84
1411,2021,5,Melbourne,104
1412,2021,5,North Melbourne,47
1413,2021,6,Western Bulldogs,104
1414,2021,6,West Coast Eagles,39
1415,2021,6,Sydney Swans,60
1416,2021,6,Brisbane Lions,103
1417,2021,6,Richmond,48
1418,2021,6,North Melbourne,48
1419,2021,6,Adelaide Crows,99
1420,2021,6,Essendon,109
1421,2021,6,St Kilda,39
1422,2021,7,Western Bulldogs,55
1423,2021,7,Gold Coast Suns,79
1424,2021,7,GWS Giants,106
1425,2021,7,Hawthorn,59
1426,2021,7,Port Adelaide,44
1427,2021,7,Geelong Cats,88
1428,2021,7,Melbourne,103
1429,2021,7,Carlton,123
1430,2021,7,Fremantle,73
1431,2021,8,Geelong Cats,126
1432,2021,8,St Kilda,63
1433,2021,8,Essendon,105
1434,2021,8,Collingwood,94
1435,2021,8,Sydney Swans,58
1436,2021,8,Adelaide Crows,38
1437,2021,8,West Coast Eagles,98
1438,2021,8,Carlton,91
1439,2021,8,Fremantle,71
1440,2021,9,Geelong Cats,68
1441,2021,9,Collingwood,42
1442,2021,9,North Melbourne,87
1443,2021,9,Brisbane Lions,124
1444,2021,9,GWS Giants,83
1445,2021,9,Western Bulldogs,96
1446,2021,9,Fremantle,61
1447,2021,9,Carlton,68
1448,2021,9,Adelaide Crows,76
1449,2021,10,Richmond,74
1450,2021,10,Hawthorn,63
1451,2021,10,Gold Coast Suns,57
1452,2021,10,Melbourne,95
1453,2021,10,St Kilda,33
1454,2021,10,Sydney Swans,84
1455,2021,10,West Coast Eagles,77
1456,2021,10,Port Adelaide,59
1457,2021,10,North Melbourne,69
1458,2021,11,Melbourne,87
1459,2021,11,Geelong Cats,61
1460,2021,11,GWS Giants,65
1461,2021,11,North Melbourne,68
1462,2021,11,Hawthorn,76
1463,2021,11,Essendon,87
1464,2021,11,Adelaide Crows,83
1465,2021,11,Carlton,78
1466,2021,11,Fremantle,69
1467,2021,12,Brisbane Lions,75
1468,2021,12,St Kilda,83
1469,2021,12,Collingwood,78
1470,2021,12,Richmond,123
1471,2021,12,West Coast Eagles,95
1472,2021,12,Western Bulldogs,93
1473,2021,13,Geelong Cats,112
1474,2021,13,Hawthorn,89
1475,2021,13,Gold Coast Suns,49
1476,2021,13,Adelaide Crows,66
1477,2021,13,GWS Giants,94
1478,2021,13,Richmond,81
1479,2021,13,Collingwood,80
1480,2021,14,Western Bulldogs,78
1481,2021,14,Port Adelaide,81
1482,2021,14,Brisbane Lions,68
1483,2021,14,Carlton,66
1484,2021,14,Essendon,86
1485,2021,15,Geelong Cats,50
1486,2021,15,St Kilda,62
1487,2021,15,Fremantle,91
1488,2021,15,Gold Coast Suns,63
1489,2021,15,Sydney Swans,71
1490,2021,15,Melbourne,68
1491,2021,15,Hawthorn,90
1492,2021,15,Western Bulldogs,98
1493,2021,15,Adelaide Crows,73
1494,2021,16,Richmond,67
1495,2021,16,Essendon,57
1496,2021,16,GWS Giants,64
1497,2021,16,Brisbane Lions,111
1498,2021,16,Carlton,80
1499,2021,16,Port Adelaide,87
1500,2021,16,West Coast Eagles,26
1501,2021,16,St Kilda,70
1502,2021,16,North Melbourne,79
1503,2021,17,Melbourne,86
1504,2021,17,Adelaide Crows,21
1505,2021,17,Fremantle,108
1506,2021,17,Geelong Cats,70
1507,2021,17,St Kilda,95
1508,2021,17,Gold Coast Suns,65
1509,2021,17,Sydney Swans,79
1510,2021,17,Collingwood,87
1511,2021,17,North Melbourne,70
1512,2021,18,Geelong Cats,100
1513,2021,18,Brisbane Lions,86
1514,2021,18,Port Adelaide,74
1515,2021,18,Western Bulldogs,90
1516,2021,18,Hawthorn,79
1517,2021,18,Essendon,92
1518,2021,18,Carlton,91
1519,2021,18,West Coast Eagles,98
1520,2021,18,Sydney Swans,98
1521,2021,19,Collingwood,69
1522,2021,19,North Melbourne,116
1523,2021,19,Gold Coast Suns,71
1524,2021,19,St Kilda,86
1525,2021,19,Western Bulldogs,85
1526,2021,19,Hawthorn,83
1527,2021,19,Fremantle,58
1528,2021,19,Richmond,57
1529,2021,19,GWS Giants,66
1530,2021,20,Carlton,112
1531,2021,20,Adelaide Crows,56
1532,2021,20,Geelong Cats,62
1533,2021,20,West Coast Eagles,45
1534,2021,20,Melbourne,128
1535,2021,20,Brisbane Lions,80
1536,2021,20,Sydney Swans,109
1537,2021,20,Richmond,51
1538,2021,20,Port Adelaide,100
1539,2021,21,GWS Giants,84
1540,2021,21,Gold Coast Suns,76
1541,2021,21,North Melbourne,56
1542,2021,21,Port Adelaide,55
1543,2021,21,Sydney Swans,64
1544,2021,21,Collingwood,78
1545,2021,21,Essendon,97
1546,2021,21,Brisbane Lions,118
1547,2021,21,Melbourne,72
1548,2021,22,Richmond,67
1549,2021,22,Western Bulldogs,37
1550,2021,22,St Kilda,71
1551,2021,22,Carlton,45
1552,2021,22,Collingwood,57
1553,2021,22,Sydney Swans,91
1554,2021,22,Adelaide Crows,63
1555,2021,22,Essendon,98
1556,2021,22,West Coast Eagles,64
1557,2021,23,Port Adelaide,66
1558,2021,23,Hawthorn,83
1559,2021,23,Gold Coast Suns,49
1560,2021,23,West Coast Eagles,87
1561,2021,23,Melbourne,81
1562,2021,23,GWS Giants,89
1563,2021,23,Fremantle,49
1564,2021,23,Collingwood,64
1565,2021,23,North Melbourne,54
1566,2021,24,Geelong Cats,43
1567,2021,24,GWS Giants,74
1568,2021,24,Brisbane Lions,60
1569,2021,24,Essendon,36
1570,2021,25,GWS Giants,68
1571,2021,25,Western Bulldogs,79
1572,2021,26,Geelong Cats,42
1573,2021,26,Western Bulldogs,116
1574,2021,27,Western Bulldogs,66
1575,2022,1,Western Bulldogs,71
1576,2022,1,Richmond,76
1577,2022,1,Collingwood,102
1578,2022,1,Essendon,72
1579,2022,1,Sydney Swans,112
1580,2022,1,Port Adelaide,69
1581,2022,1,North Melbourne,58
1582,2022,1,Fremantle,83
1583,2022,1,Gold Coast Suns,107
1584,2022,2,Carlton,102
1585,2022,2,Geelong Cats,77
1586,2022,2,Adelaide Crows,58
1587,2022,2,Brisbane Lions,97
1588,2022,2,Hawthorn,120
1589,2022,2,Melbourne,82
1590,2022,2,West Coast Eagles,59
1591,2022,2,GWS Giants,73
1592,2022,2,St Kilda,65
1593,2022,3,Sydney Swans,60
1594,2022,3,Essendon,70
1595,2022,3,Port Adelaide,92
1596,2022,3,Gold Coast Suns,57
1597,2022,3,Geelong Cats,104
1598,2022,3,North Melbourne,48
1599,2022,3,Hawthorn,73
1600,2022,3,Richmond,84
1601,2022,3,Fremantle,102
1602,2022,4,Melbourne,68
1603,2022,4,Brisbane Lions,70
1604,2022,4,North Melbourne,75
1605,2022,4,West Coast Eagles,87
1606,2022,4,Western Bulldogs,61
1607,2022,4,GWS Giants,54
1608,2022,4,Adelaide Crows,99
1609,2022,4,St Kilda,142
1610,2022,4,Carlton,62
1611,2022,5,Collingwood,91
1612,2022,5,Western Bulldogs,139
1613,2022,5,Sydney Swans,121
1614,2022,5,Gold Coast Suns,61
1615,2022,5,Richmond,82
1616,2022,5,GWS Giants,53
1617,2022,5,Port Adelaide,91
1618,2022,5,Fremantle,107
1619,2022,5,Geelong Cats,80
1620,2022,6,St Kilda,77
1621,2022,6,Adelaide Crows,63
1622,2022,6,West Coast Eagles,33
1623,2022,6,Carlton,62
1624,2022,6,Geelong Cats,121
1625,2022,6,Brisbane Lions,132
1626,2022,6,Melbourne,76
1627,2022,6,Sydney Swans,109
1628,2022,6,Collingwood,93
1629,2022,7,Richmond,165
1630,2022,7,Fremantle,69
1631,2022,7,GWS Giants,113
1632,2022,7,Hawthorn,81
1633,2022,7,Port Adelaide,43
1634,2022,7,North Melbourne,64
1635,2022,7,Gold Coast Suns,90
1636,2022,7,Essendon,71
1637,2022,7,Brisbane Lions,113
1638,2022,8,Western Bulldogs,69
1639,2022,8,North Melbourne,24
1640,2022,8,Collingwood,86
1641,2022,8,Gold Coast Suns,75
1642,2022,8,Geelong Cats,88
1643,2022,8,Hawthorn,81
1644,2022,8,West Coast Eagles,30
1645,2022,8,St Kilda,55
1646,2022,8,Adelaide Crows,68
1647,2022,9,Western Bulldogs,99
1648,2022,9,Richmond,117
1649,2022,9,Port Adelaide,115
1650,2022,9,Geelong Cats,80
1651,2022,9,Essendon,47
1652,2022,9,Brisbane Lions,102
1653,2022,9,Fremantle,33
1654,2022,9,Carlton,105
1655,2022,9,Melbourne,112
1656,2022,10,Sydney Swans,87
1657,2022,10,Port Adelaide,47
1658,2022,10,Gold Coast Suns,87
1659,2022,10,Melbourne,100
1660,2022,10,St Kilda,90
1661,2022,10,Essendon,48
1662,2022,10,West Coast Eagles,86
1663,2022,10,Brisbane Lions,112
1664,2022,10,Collingwood,80
1665,2022,11,Richmond,100
1666,2022,11,GWS Giants,96
1667,2022,11,Adelaide Crows,55
1668,2022,11,Fremantle,94
1669,2022,11,Western Bulldogs,161
1670,2022,11,Hawthorn,54
1671,2022,11,North Melbourne,50
1672,2022,11,Carlton,75
1673,2022,11,Essendon,50
1674,2022,12,Geelong Cats,83
1675,2022,12,West Coast Eagles,57
1676,2022,12,North Melbourne,47
1677,2022,12,Sydney Swans,73
1678,2022,12,Collingwood,72
1679,2022,12,Brisbane Lions,85
1680,2022,13,Port Adelaide,65
1681,2022,13,Carlton,80
1682,2022,13,Hawthorn,82
1683,2022,13,St Kilda,57
1684,2022,13,GWS Giants,102
1685,2022,13,Melbourne,56
1686,2022,14,Carlton,66
1687,2022,14,Essendon,107
1688,2022,14,Sydney Swans,59
1689,2022,14,Geelong Cats,81
1690,2022,14,Western Bulldogs,125
1691,2022,14,Adelaide Crows,73
1692,2022,15,Brisbane Lions,53
1693,2022,15,Hawthorn,83
1694,2022,15,Essendon,97
1695,2022,15,Fremantle,50
1696,2022,15,Richmond,86
1697,2022,15,St Kilda,32
1698,2022,15,Adelaide Crows,115
1699,2022,15,GWS Giants,77
1700,2022,15,Gold Coast Suns,91
1701,2022,16,Western Bulldogs,67
1702,2022,16,St Kilda,93
1703,2022,16,Sydney Swans,86
1704,2022,16,Melbourne,94
1705,2022,16,North Melbourne,32
1706,2022,16,Collingwood,67
1707,2022,16,West Coast Eagles,93
1708,2022,16,Hawthorn,50
1709,2022,16,Port Adelaide,91
1710,2022,17,Melbourne,63
1711,2022,17,Western Bulldogs,67
1712,2022,17,North Melbourne,81
1713,2022,17,Richmond,92
1714,2022,17,Fremantle,111
1715,2022,17,GWS Giants,29
1716,2022,17,Essendon,100
1717,2022,17,Adelaide Crows,54
1718,2022,17,Carlton,116
1719,2022,18,St Kilda,56
1720,2022,18,Collingwood,91
1721,2022,18,Brisbane Lions,99
1722,2022,18,Richmond,88
1723,2022,18,Geelong Cats,85
1724,2022,18,Sydney Swans,82
1725,2022,18,West Coast Eagles,77
1726,2022,18,Port Adelaide,69
1727,2022,18,Gold Coast Suns,55
1728,2022,19,Fremantle,52
1729,2022,19,Hawthorn,121
1730,2022,19,Adelaide Crows,85
1731,2022,19,Geelong Cats,106
1732,2022,19,Gold Coast Suns,93
1733,2022,19,Melbourne,100
1734,2022,19,GWS Giants,54
1735,2022,19,Essendon,76
1736,2022,19,St Kilda,90
1737,2022,20,Melbourne,85
1738,2022,20,Port Adelaide,82
1739,2022,20,GWS Giants,39
1740,2022,20,Hawthorn,63
1741,2022,20,Western Bulldogs,66
1742,2022,20,Carlton,55
1743,2022,20,West Coast Eagles,104
1744,2022,20,Brisbane Lions,97
1745,2022,20,North Melbourne,66
1746,2022,21,Collingwood,96
1747,2022,21,Gold Coast Suns,63
1748,2022,21,Essendon,69
1749,2022,21,Fremantle,95
1750,2022,21,St Kilda,65
1751,2022,21,Richmond,109
1752,2022,21,Sydney Swans,126
1753,2022,21,Carlton,81
1754,2022,21,Adelaide Crows,102
1755,2022,22,Brisbane Lions,81
1756,2022,22,GWS Giants,57
1757,2022,22,North Melbourne,74
1758,2022,22,Geelong Cats,119
1759,2022,22,Carlton,74
1760,2022,22,West Coast Eagles,47
1761,2022,22,Hawthorn,67
1762,2022,22,Collingwood,50
1763,2022,22,Port Adelaide,146
1764,2022,23,Melbourne,115
1765,2022,23,Fremantle,89
1766,2022,23,Gold Coast Suns,114
1767,2022,23,West Coast Eagles,46
1768,2022,23,Richmond,141
1769,2022,23,Adelaide Crows,55
1770,2022,23,Western Bulldogs,87
1771,2022,23,Collingwood,75
1772,2022,23,Sydney Swans,88
1773,2022,24,Richmond,104
1774,2022,24,Sydney Swans,91
1775,2022,24,Collingwood,72
1776,2022,24,Western Bulldogs,60
1777,2022,25,Brisbane Lions,92
1778,2022,25,Fremantle,59
1779,2022,26,Brisbane Lions,49
1780,2022,26,Collingwood,94
1781,2022,27,Sydney Swans,52
1782,2023,1,Carlton,58
1783,2023,1,Collingwood,125
1784,2023,1,West Coast Eagles,82
1785,2023,1,Brisbane Lions,72
1786,2023,1,Western Bulldogs,65
1787,2023,1,Sydney Swans,110
1788,2023,1,Adelaide Crows,90
1789,2023,1,Essendon,124
1790,2023,1,Fremantle,52
1791,2023,2,Geelong Cats,82
1792,2023,2,Melbourne,82
1793,2023,2,Port Adelaide,64
1794,2023,2,Richmond,108
1795,2023,2,St Kilda,92
1796,2023,2,North Melbourne,73
1797,2023,2,Hawthorn,37
1798,2023,2,Gold Coast Suns,80
1799,2023,2,GWS Giants,81
1800,2023,3,Brisbane Lions,53
1801,2023,3,Richmond,49
1802,2023,3,North Melbourne,61
1803,2023,3,Carlton,74
1804,2023,3,Essendon,74
1805,2023,3,Adelaide Crows,117
1806,2023,3,Geelong Cats,54
1807,2023,3,Sydney Swans,84
1808,2023,3,West Coast Eagles,67
1809,2023,4,Collingwood,83
1810,2023,4,Carlton,107
1811,2023,4,Fremantle,72
1812,2023,4,Western Bulldogs,89
1813,2023,4,Gold Coast Suns,60
1814,2023,4,Port Adelaide,66
1815,2023,4,GWS Giants,75
1816,2023,4,Melbourne,126
1817,2023,4,Hawthorn,45
1818,2023,5,Carlton,62
1819,2023,5,Gold Coast Suns,90
1820,2023,5,Sydney Swans,122
1821,2023,5,North Melbourne,77
1822,2023,5,Melbourne,77
1823,2023,5,Western Bulldogs,56
1824,2023,5,West Coast Eagles,89
1825,2023,5,Hawthorn,75
1826,2023,5,St Kilda,64
1827,2023,6,Western Bulldogs,118
1828,2023,6,West Coast Eagles,69
1829,2023,6,Brisbane Lions,108
1830,2023,6,Sydney Swans,37
1831,2023,6,Adelaide Crows,79
1832,2023,6,St Kilda,82
1833,2023,6,North Melbourne,54
1834,2023,6,Richmond,78
1835,2023,6,Essendon,77
1836,2023,7,Port Adelaide,83
1837,2023,7,Fremantle,67
1838,2023,7,GWS Giants,107
1839,2023,7,Hawthorn,65
1840,2023,7,North Melbourne,49
1841,2023,7,Carlton,152
1842,2023,7,Geelong Cats,132
1843,2023,7,Gold Coast Suns,72
1844,2023,7,Collingwood,59
1845,2023,8,Brisbane Lions,100
1846,2023,8,West Coast Eagles,58
1847,2023,8,Adelaide Crows,72
1848,2023,8,Melbourne,90
1849,2023,8,Western Bulldogs,86
1850,2023,8,Hawthorn,48
1851,2023,8,Essendon,87
1852,2023,8,Sydney Swans,48
1853,2023,8,St Kilda,64
1854,2023,9,Geelong Cats,78
1855,2023,9,Gold Coast Suns,113
1856,2023,9,Fremantle,103
1857,2023,9,Port Adelaide,135
1858,2023,9,Melbourne,103
1859,2023,9,Essendon,45
1860,2023,9,Western Bulldogs,79
1861,2023,9,St Kilda,69
1862,2023,9,GWS Giants,55
1863,2023,10,Melbourne,76
1864,2023,10,Sydney Swans,93
1865,2023,10,Adelaide Crows,40
1866,2023,10,Geelong Cats,77
1867,2023,10,Gold Coast Suns,64
1868,2023,10,Richmond,70
1869,2023,10,West Coast Eagles,26
1870,2023,10,Collingwood,85
1871,2023,10,St Kilda,92
1872,2023,11,Carlton,51
1873,2023,11,Hawthorn,88
1874,2023,11,Fremantle,79
1875,2023,11,GWS Giants,81
1876,2023,11,Western Bulldogs,77
1877,2023,11,Essendon,96
1878,2023,11,Port Adelaide,77
1879,2023,11,North Melbourne,70
1880,2023,11,Brisbane Lions,78
1881,2023,12,Carlton,44
1882,2023,12,Hawthorn,96
1883,2023,12,Collingwood,120
1884,2023,12,Geelong Cats,97
1885,2023,12,Adelaide Crows,87
1886,2023,12,Richmond,110
1887,2023,12,North Melbourne,99
1888,2023,13,St Kilda,80
1889,2023,13,Port Adelaide,107
1890,2023,13,Brisbane Lions,73
1891,2023,13,West Coast Eagles,52
1892,2023,13,Richmond,85
1893,2023,13,GWS Giants,103
1894,2023,13,Essendon,86
1895,2023,13,Collingwood,62
1896,2023,14,Geelong Cats,72
1897,2023,14,Sydney Swans,81
1898,2023,14,Fremantle,36
1899,2023,14,St Kilda,70
1900,2023,14,Gold Coast Suns,61
1901,2023,14,Western Bulldogs,105
1902,2023,15,Melbourne,63
1903,2023,15,Brisbane Lions,84
1904,2023,15,West Coast Eagles,34
1905,2023,15,Essendon,61
1906,2023,15,Adelaide Crows,80
1907,2023,15,Hawthorn,34
1908,2023,16,Richmond,53
1909,2023,16,Geelong Cats,54
1910,2023,16,North Melbourne,72
1911,2023,16,Fremantle,73
1912,2023,16,Collingwood,120
1913,2023,16,Port Adelaide,78
1914,2023,16,Carlton,112
1915,2023,16,GWS Giants,47
1916,2023,16,St Kilda,85
1917,2023,17,Sydney Swans,75
1918,2023,17,Collingwood,89
1919,2023,17,West Coast Eagles,35
1920,2023,17,Hawthorn,72
1921,2023,17,Melbourne,79
1922,2023,17,Gold Coast Suns,73
1923,2023,17,North Melbourne,63
1924,2023,17,Adelaide Crows,97
1925,2023,17,Carlton,98
1926,2023,18,Western Bulldogs,76
1927,2023,18,Brisbane Lions,104
1928,2023,18,Fremantle,67
1929,2023,18,St Kilda,51
1930,2023,18,Port Adelaide,72
1931,2023,18,Essendon,45
1932,2023,18,GWS Giants,71
1933,2023,18,Hawthorn,88
1934,2023,18,Richmond,98
1935,2023,19,Western Bulldogs,90
1936,2023,19,Hawthorn,95
1937,2023,19,West Coast Eagles,69
1938,2023,19,Geelong Cats,53
1939,2023,19,Sydney Swans,105
1940,2023,19,Collingwood,85
1941,2023,19,Gold Coast Suns,63
1942,2023,19,Adelaide Crows,93
1943,2023,19,North Melbourne,61
1944,2023,20,Carlton,93
1945,2023,20,Fremantle,71
1946,2023,20,GWS Giants,78
1947,2023,20,Brisbane Lions,55
1948,2023,20,Sydney Swans,101
1949,2023,20,Port Adelaide,65
1950,2023,20,St Kilda,122
1951,2023,20,Melbourne,130
1952,2023,20,North Melbourne,67
1953,2023,21,Richmond,71
1954,2023,21,West Coast Eagles,72
1955,2023,21,Gold Coast Suns,61
1956,2023,21,Collingwood,73
1957,2023,21,Port Adelaide,85
1958,2023,21,Sydney Swans,96
1959,2023,21,Melbourne,103
1960,2023,21,Carlton,73
1961,2023,21,Brisbane Lions,77
1962,2023,22,Geelong Cats,101
1963,2023,22,Essendon,86
1964,2023,22,Gold Coast Suns,90
1965,2023,22,Adelaide Crows,93
1966,2023,22,Melbourne,56
1967,2023,22,Fremantle,134
1968,2023,22,Western Bulldogs,64
1969,2023,22,Richmond,57
1970,2023,22,GWS Giants,85
1971,2023,23,Brisbane Lions,124
1972,2023,23,North Melbourne,72
1973,2023,23,Carlton,91
1974,2023,23,Essendon,36
1975,2023,23,Geelong Cats,55
1976,2023,23,Sydney Swans,74
1977,2023,23,West Coast Eagles,92
1978,2023,23,Hawthorn,60
1979,2023,23,Port Adelaide,74
1980,2023,24,Collingwood,101
1981,2023,24,Fremantle,93
1982,2023,24,Gold Coast Suns,97
1983,2023,24,St Kilda,60
1984,2023,24,Western Bulldogs,104
1985,2023,24,Adelaide Crows,123
1986,2023,24,Richmond,63
1987,2023,24,Melbourne,77
1988,2023,24,GWS Giants,105
1989,2023,25,Melbourne,53
1990,2023,25,Sydney Swans,68
1991,2023,25,GWS Giants,101
1992,2023,25,Port Adelaide,75
1993,2023,26,Carlton,73
1994,2023,26,GWS Giants,93
1995,2023,27,GWS Giants,57
1996,2023,27,Carlton,63
1997,2023,28,Brisbane Lions,86
